<?xml version='1.0' encoding='UTF-8'?>
<addon id="repository.cache-sk" name="Kodi cache-sk Addons" version="1.0.5" provider-name="cache-sk">
    <extension point="xbmc.addon.repository" name="Kodi cache-sk Addons">
        <dir>
            <info compressed="false">http://ipaostrava.free.nf/addons.xml</info>
            <checksum>http://ipaostrava.free.nf/addons.xml.md5</checksum>
            <datadir zip="true">http://ipaostrava.free.nf/</datadir>
        </dir>
    </extension>
    <extension point="xbmc.addon.metadata">
        <summary>Kodi cache-sk Addons</summary>
        <description>Kodi cache-sk Addons</description>
        <platform>all</platform>
    </extension>
</addon>